episode,timesteps,reward,length,success
1,100,1.99,100,1
2,188,-0.13,88,0
3,283,-0.06,95,0
4,383,1.99,100,1
5,483,1.99,100,1
6,521,-0.63,38,0
7,590,-0.32,69,0
8,690,1.99,100,1
9,790,1.99,100,1
10,890,1.99,100,1
11,990,1.99,100,1
12,1090,1.99,100,1
13,1190,1.99,100,1
14,1290,1.99,100,1
15,1390,1.99,100,1
16,1490,1.99,100,1
17,1590,1.99,100,1
18,1690,1.99,100,1
19,1711,-0.8,21,0
20,1811,1.99,100,1
21,1911,1.99,100,1
22,2011,1.99,100,1
23,2111,1.99,100,1
24,2211,1.99,100,1
25,2311,1.99,100,1
26,2375,-0.37,64,0
27,2475,1.99,100,1
28,2575,1.99,100,1
29,2675,1.99,100,1
30,2775,1.99,100,1
31,2875,1.99,100,1
32,2876,-1.0,1,0
33,2976,1.99,100,1
34,3076,1.99,100,1
35,3176,1.99,100,1
36,3186,-0.91,10,0
37,3286,1.99,100,1
38,3386,1.99,100,1
39,3462,-0.25,76,0
40,3562,1.99,100,1
41,3662,1.99,100,1
42,3762,1.99,100,1
43,3862,1.99,100,1
44,3962,1.99,100,1
45,4062,1.99,100,1
46,4162,1.99,100,1
47,4262,1.99,100,1
48,4362,1.99,100,1
49,4462,1.99,100,1
50,4473,-0.9,11,0
51,4573,1.99,100,1
52,4673,1.99,100,1
53,4773,1.99,100,1
54,4873,1.99,100,1
55,4973,1.99,100,1
56,5073,1.99,100,1
57,5075,-0.99,2,0
58,5175,1.99,100,1
59,5275,1.99,100,1
60,5375,1.99,100,1
61,5387,-0.89,12,0
62,5468,-0.2,81,0
63,5568,1.99,100,1
64,5668,1.99,100,1
65,5768,1.99,100,1
66,5868,1.99,100,1
67,5968,1.99,100,1
68,6068,1.99,100,1
69,6168,1.99,100,1
70,6268,1.99,100,1
71,6368,1.99,100,1
72,6468,1.99,100,1
73,6568,1.99,100,1
74,6668,1.99,100,1
75,6768,1.99,100,1
76,6868,1.99,100,1
77,6968,1.99,100,1
78,7068,1.99,100,1
79,7168,1.99,100,1
80,7268,1.99,100,1
81,7368,1.99,100,1
82,7468,1.99,100,1
83,7568,1.99,100,1
84,7668,1.99,100,1
85,7768,1.99,100,1
86,7868,1.99,100,1
87,7968,1.99,100,1
88,8068,1.99,100,1
89,8168,1.99,100,1
90,8268,1.99,100,1
91,8269,-1.0,1,0
92,8369,1.99,100,1
93,8469,1.99,100,1
94,8569,1.99,100,1
95,8669,1.99,100,1
96,8769,1.99,100,1
97,8869,1.99,100,1
98,8969,1.99,100,1
99,9069,1.99,100,1
100,9169,1.99,100,1
101,9269,1.99,100,1
102,9369,1.99,100,1
103,9469,1.99,100,1
104,9569,1.99,100,1
105,9669,1.99,100,1
106,9769,1.99,100,1
107,9869,1.99,100,1
108,9969,1.99,100,1
109,10069,1.99,100,1
110,10169,1.99,100,1
111,10173,-0.97,4,0
112,10273,1.99,100,1
113,10373,1.99,100,1
114,10473,1.99,100,1
115,10573,1.99,100,1
116,10673,1.99,100,1
117,10676,-0.98,3,0
118,10776,1.99,100,1
119,10876,1.99,100,1
120,10976,1.99,100,1
121,11076,1.99,100,1
122,11176,1.99,100,1
123,11276,1.99,100,1
124,11376,1.99,100,1
125,11476,1.99,100,1
126,11477,-1.0,1,0
127,11577,1.99,100,1
128,11677,1.99,100,1
129,11777,1.99,100,1
130,11877,1.99,100,1
131,11977,1.99,100,1
132,12077,1.99,100,1
133,12177,1.99,100,1
134,12277,1.99,100,1
135,12377,1.99,100,1
136,12477,1.99,100,1
137,12577,1.99,100,1
138,12677,1.99,100,1
139,12777,1.99,100,1
140,12877,1.99,100,1
141,12977,1.99,100,1
142,13077,1.99,100,1
143,13177,1.99,100,1
144,13277,1.99,100,1
145,13377,1.99,100,1
146,13477,1.99,100,1
147,13478,-1.0,1,0
148,13578,1.99,100,1
149,13678,1.99,100,1
150,13683,-0.96,5,0
151,13783,1.99,100,1
152,13883,1.99,100,1
153,13983,1.99,100,1
154,14083,1.99,100,1
155,14183,1.99,100,1
156,14283,1.99,100,1
157,14383,1.99,100,1
158,14483,1.99,100,1
159,14583,1.99,100,1
160,14683,1.99,100,1
161,14783,1.99,100,1
162,14883,1.99,100,1
163,14886,-0.98,3,0
164,14986,1.99,100,1
165,15086,1.99,100,1
166,15186,1.99,100,1
167,15286,1.99,100,1
168,15386,1.99,100,1
169,15486,1.99,100,1
170,15586,1.99,100,1
171,15686,1.99,100,1
172,15786,1.99,100,1
173,15886,1.99,100,1
174,15986,1.99,100,1
175,15987,-1.0,1,0
176,16087,1.99,100,1
177,16187,1.99,100,1
178,16287,1.99,100,1
179,16387,1.99,100,1
180,16487,1.99,100,1
181,16587,1.99,100,1
182,16687,1.99,100,1
183,16787,1.99,100,1
184,16887,1.99,100,1
185,16987,1.99,100,1
186,17087,1.99,100,1
187,17187,1.99,100,1
188,17287,1.99,100,1
189,17387,1.99,100,1
190,17388,-1.0,1,0
191,17488,1.99,100,1
192,17490,-0.99,2,0
193,17590,1.99,100,1
194,17690,1.99,100,1
195,17790,1.99,100,1
196,17890,1.99,100,1
197,17990,1.99,100,1
198,17991,-1.0,1,0
199,18091,1.99,100,1
200,18191,1.99,100,1
201,18291,1.99,100,1
202,18391,1.99,100,1
203,18491,1.99,100,1
204,18591,1.99,100,1
205,18691,1.99,100,1
206,18791,1.99,100,1
207,18792,-1.0,1,0
208,18892,1.99,100,1
209,18992,1.99,100,1
210,18993,-1.0,1,0
211,19093,1.99,100,1
212,19099,-0.95,6,0
213,19199,1.99,100,1
214,19299,1.99,100,1
215,19399,1.99,100,1
216,19499,1.99,100,1
217,19599,1.99,100,1
218,19699,1.99,100,1
219,19799,1.99,100,1
220,19899,1.99,100,1
221,19999,1.99,100,1
222,20099,1.99,100,1
223,20199,1.99,100,1
224,20299,1.99,100,1
225,20399,1.99,100,1
226,20499,1.99,100,1
227,20599,1.99,100,1
228,20699,1.99,100,1
229,20799,1.99,100,1
230,20899,1.99,100,1
231,20999,1.99,100,1
232,21099,1.99,100,1
233,21199,1.99,100,1
234,21299,1.99,100,1
235,21399,1.99,100,1
236,21499,1.99,100,1
237,21599,1.99,100,1
238,21699,1.99,100,1
239,21710,-0.9,11,0
240,21810,1.99,100,1
241,21910,1.99,100,1
242,22010,1.99,100,1
243,22110,1.99,100,1
244,22210,1.99,100,1
245,22310,1.99,100,1
246,22410,1.99,100,1
247,22510,1.99,100,1
248,22524,-0.87,14,0
249,22624,1.99,100,1
250,22724,1.99,100,1
251,22824,1.99,100,1
252,22924,1.99,100,1
253,23024,1.99,100,1
254,23124,1.99,100,1
255,23224,1.99,100,1
256,23324,1.99,100,1
257,23424,1.99,100,1
258,23524,1.99,100,1
259,23624,1.99,100,1
260,23627,-0.98,3,0
261,23727,1.99,100,1
262,23827,1.99,100,1
263,23927,1.99,100,1
264,24027,1.99,100,1
265,24127,1.99,100,1
266,24227,1.99,100,1
267,24327,1.99,100,1
268,24427,1.99,100,1
269,24527,1.99,100,1
270,24627,1.99,100,1
271,24727,1.99,100,1
272,24827,1.99,100,1
273,24927,1.99,100,1
274,25027,1.99,100,1
275,25127,1.99,100,1
276,25227,1.99,100,1
277,25327,1.99,100,1
278,25427,1.99,100,1
279,25527,1.99,100,1
280,25627,1.99,100,1
281,25727,1.99,100,1
282,25728,-1.0,1,0
283,25828,1.99,100,1
284,25928,1.99,100,1
285,25941,-0.88,13,0
286,26041,1.99,100,1
287,26141,1.99,100,1
288,26241,1.99,100,1
289,26341,1.99,100,1
290,26441,1.99,100,1
291,26541,1.99,100,1
292,26641,1.99,100,1
293,26741,1.99,100,1
294,26742,-1.0,1,0
295,26744,-0.99,2,0
296,26844,1.99,100,1
297,26944,1.99,100,1
298,27044,1.99,100,1
299,27144,1.99,100,1
300,27244,1.99,100,1
301,27344,1.99,100,1
302,27444,1.99,100,1
303,27544,1.99,100,1
304,27644,1.99,100,1
305,27744,1.99,100,1
306,27844,1.99,100,1
307,27944,1.99,100,1
308,28044,1.99,100,1
309,28144,1.99,100,1
310,28244,1.99,100,1
311,28344,1.99,100,1
312,28444,1.99,100,1
313,28448,-0.97,4,0
314,28548,1.99,100,1
315,28633,-0.16,85,0
316,28733,1.99,100,1
317,28833,1.99,100,1
318,28933,1.99,100,1
319,29033,1.99,100,1
320,29133,1.99,100,1
321,29233,1.99,100,1
322,29333,1.99,100,1
323,29433,1.99,100,1
324,29436,-0.98,3,0
325,29536,1.99,100,1
326,29636,1.99,100,1
327,29736,1.99,100,1
328,29836,1.99,100,1
329,29936,1.99,100,1
330,30036,1.99,100,1
331,30136,1.99,100,1
332,30236,1.99,100,1
333,30336,1.99,100,1
334,30436,1.99,100,1
335,30536,1.99,100,1
336,30636,1.99,100,1
337,30736,1.99,100,1
338,30836,1.99,100,1
339,30936,1.99,100,1
340,31036,1.99,100,1
341,31136,1.99,100,1
342,31236,1.99,100,1
343,31336,1.99,100,1
344,31436,1.99,100,1
345,31489,-0.48,53,0
346,31490,-1.0,1,0
347,31590,1.99,100,1
348,31690,1.99,100,1
349,31790,1.99,100,1
350,31890,1.99,100,1
351,31990,1.99,100,1
352,32090,1.99,100,1
353,32190,1.99,100,1
354,32290,1.99,100,1
355,32390,1.99,100,1
356,32490,1.99,100,1
357,32590,1.99,100,1
358,32690,1.99,100,1
359,32790,1.99,100,1
360,32890,1.99,100,1
361,32898,-0.93,8,0
362,32902,-0.97,4,0
363,32909,-0.94,7,0
364,32910,-1.0,1,0
365,33010,1.99,100,1
366,33110,1.99,100,1
367,33210,1.99,100,1
368,33310,1.99,100,1
369,33410,1.99,100,1
370,33510,1.99,100,1
371,33610,1.99,100,1
372,33710,1.99,100,1
373,33810,1.99,100,1
374,33910,1.99,100,1
375,34010,1.99,100,1
376,34110,1.99,100,1
377,34210,1.99,100,1
378,34310,1.99,100,1
379,34311,-1.0,1,0
380,34411,1.99,100,1
381,34412,-1.0,1,0
382,34512,1.99,100,1
383,34612,1.99,100,1
384,34712,1.99,100,1
385,34812,1.99,100,1
386,34912,1.99,100,1
387,35012,1.99,100,1
388,35112,1.99,100,1
389,35212,1.99,100,1
390,35312,1.99,100,1
391,35412,1.99,100,1
392,35436,-0.77,24,0
393,35439,-0.98,3,0
394,35440,-1.0,1,0
395,35441,-1.0,1,0
396,35541,1.99,100,1
397,35641,1.99,100,1
398,35741,1.99,100,1
399,35841,1.99,100,1
400,35941,1.99,100,1
401,36041,1.99,100,1
402,36141,1.99,100,1
403,36145,-0.97,4,0
404,36148,-0.98,3,0
405,36248,1.99,100,1
406,36348,1.99,100,1
407,36448,1.99,100,1
408,36548,1.99,100,1
409,36648,1.99,100,1
410,36748,1.99,100,1
411,36848,1.99,100,1
412,36948,1.99,100,1
413,36951,-0.98,3,0
414,37051,1.99,100,1
415,37151,1.99,100,1
416,37251,1.99,100,1
417,37351,1.99,100,1
418,37356,-0.96,5,0
419,37456,1.99,100,1
420,37556,1.99,100,1
421,37557,-1.0,1,0
422,37562,-0.96,5,0
423,37662,1.99,100,1
424,37762,1.99,100,1
425,37862,1.99,100,1
426,37962,1.99,100,1
427,38062,1.99,100,1
428,38162,1.99,100,1
429,38262,1.99,100,1
430,38362,1.99,100,1
431,38462,1.99,100,1
432,38562,1.99,100,1
433,38662,1.99,100,1
434,38663,-1.0,1,0
435,38763,1.99,100,1
436,38863,1.99,100,1
437,38963,1.99,100,1
438,39063,1.99,100,1
439,39163,1.99,100,1
440,39263,1.99,100,1
441,39363,1.99,100,1
442,39463,1.99,100,1
443,39563,1.99,100,1
444,39663,1.99,100,1
445,39763,1.99,100,1
446,39863,1.99,100,1
447,39963,1.99,100,1
448,40063,1.99,100,1
449,40163,1.99,100,1
450,40167,-0.97,4,0
451,40168,-1.0,1,0
452,40268,1.99,100,1
453,40270,-0.99,2,0
454,40283,-0.88,13,0
455,40383,1.99,100,1
456,40401,-0.83,18,0
457,40501,1.99,100,1
458,40601,1.99,100,1
459,40701,1.99,100,1
460,40801,1.99,100,1
461,40901,1.99,100,1
462,41001,1.99,100,1
463,41101,1.99,100,1
464,41201,1.99,100,1
465,41301,1.99,100,1
466,41401,1.99,100,1
467,41501,1.99,100,1
468,41601,1.99,100,1
469,41701,1.99,100,1
470,41801,1.99,100,1
471,41901,1.99,100,1
472,42001,1.99,100,1
473,42101,1.99,100,1
474,42201,1.99,100,1
475,42301,1.99,100,1
476,42401,1.99,100,1
477,42402,-1.0,1,0
478,42502,1.99,100,1
479,42602,1.99,100,1
480,42702,1.99,100,1
481,42802,1.99,100,1
482,42805,-0.98,3,0
483,42905,1.99,100,1
484,43005,1.99,100,1
485,43105,1.99,100,1
486,43205,1.99,100,1
487,43305,1.99,100,1
488,43405,1.99,100,1
489,43505,1.99,100,1
490,43605,1.99,100,1
491,43705,1.99,100,1
492,43805,1.99,100,1
493,43905,1.99,100,1
494,44005,1.99,100,1
495,44105,1.99,100,1
496,44205,1.99,100,1
497,44305,1.99,100,1
498,44405,1.99,100,1
499,44505,1.99,100,1
500,44605,1.99,100,1
501,44705,1.99,100,1
502,44805,1.99,100,1
503,44809,-0.97,4,0
504,44909,1.99,100,1
505,45009,1.99,100,1
506,45109,1.99,100,1
507,45209,1.99,100,1
508,45309,1.99,100,1
509,45409,1.99,100,1
510,45509,1.99,100,1
511,45609,1.99,100,1
512,45709,1.99,100,1
513,45809,1.99,100,1
514,45909,1.99,100,1
515,46009,1.99,100,1
516,46109,1.99,100,1
517,46209,1.99,100,1
518,46309,1.99,100,1
519,46409,1.99,100,1
520,46509,1.99,100,1
521,46609,1.99,100,1
522,46709,1.99,100,1
523,46714,-0.96,5,0
524,46814,1.99,100,1
525,46914,1.99,100,1
526,47014,1.99,100,1
527,47114,1.99,100,1
528,47214,1.99,100,1
529,47314,1.99,100,1
530,47414,1.99,100,1
531,47514,1.99,100,1
532,47614,1.99,100,1
533,47714,1.99,100,1
534,47814,1.99,100,1
535,47914,1.99,100,1
536,47932,-0.83,18,0
537,48032,1.99,100,1
538,48132,1.99,100,1
539,48232,1.99,100,1
540,48332,1.99,100,1
541,48432,1.99,100,1
542,48532,1.99,100,1
543,48632,1.99,100,1
544,48732,1.99,100,1
545,48832,1.99,100,1
546,48932,1.99,100,1
547,49032,1.99,100,1
548,49132,1.99,100,1
549,49232,1.99,100,1
550,49332,1.99,100,1
551,49432,1.99,100,1
552,49532,1.99,100,1
553,49632,1.99,100,1
554,49732,1.99,100,1
555,49832,1.99,100,1
556,49838,-0.95,6,0
557,49938,1.99,100,1
558,50038,1.99,100,1
559,50044,-0.95,6,0
560,50144,1.99,100,1
